{
  "hash": "39b5149a",
  "browserHash": "e2070563",
  "optimized": {
    "@angular/common": {
      "src": "../../../../../node_modules/@angular/common/fesm2022/common.mjs",
      "file": "@angular_common.js",
      "fileHash": "1eb5372f",
      "needsInterop": false
    },
    "@angular/common/http": {
      "src": "../../../../../node_modules/@angular/common/fesm2022/http.mjs",
      "file": "@angular_common_http.js",
      "fileHash": "e65a5efd",
      "needsInterop": false
    },
    "@angular/core": {
      "src": "../../../../../node_modules/@angular/core/fesm2022/core.mjs",
      "file": "@angular_core.js",
      "fileHash": "5a93507d",
      "needsInterop": false
    },
    "@angular/forms": {
      "src": "../../../../../node_modules/@angular/forms/fesm2022/forms.mjs",
      "file": "@angular_forms.js",
      "fileHash": "aaf63e3f",
      "needsInterop": false
    },
    "@angular/material/badge": {
      "src": "../../../../../node_modules/@angular/material/fesm2022/badge.mjs",
      "file": "@angular_material_badge.js",
      "fileHash": "5180d36a",
      "needsInterop": false
    },
    "@angular/material/icon": {
      "src": "../../../../../node_modules/@angular/material/fesm2022/icon.mjs",
      "file": "@angular_material_icon.js",
      "fileHash": "c745a90f",
      "needsInterop": false
    },
    "@angular/material/snack-bar": {
      "src": "../../../../../node_modules/@angular/material/fesm2022/snack-bar.mjs",
      "file": "@angular_material_snack-bar.js",
      "fileHash": "3124e901",
      "needsInterop": false
    },
    "@angular/platform-browser": {
      "src": "../../../../../node_modules/@angular/platform-browser/fesm2022/platform-browser.mjs",
      "file": "@angular_platform-browser.js",
      "fileHash": "46354cf3",
      "needsInterop": false
    },
    "@angular/platform-browser/animations": {
      "src": "../../../../../node_modules/@angular/platform-browser/fesm2022/animations.mjs",
      "file": "@angular_platform-browser_animations.js",
      "fileHash": "648f52b4",
      "needsInterop": false
    },
    "@angular/router": {
      "src": "../../../../../node_modules/@angular/router/fesm2022/router.mjs",
      "file": "@angular_router.js",
      "fileHash": "8af30336",
      "needsInterop": false
    },
    "@canvasjs/angular-charts": {
      "src": "../../../../../node_modules/@canvasjs/angular-charts/fesm2015/canvasjs-angular-charts.js",
      "file": "@canvasjs_angular-charts.js",
      "fileHash": "a6207a68",
      "needsInterop": false
    },
    "@fortawesome/angular-fontawesome": {
      "src": "../../../../../node_modules/@fortawesome/angular-fontawesome/fesm2022/angular-fontawesome.mjs",
      "file": "@fortawesome_angular-fontawesome.js",
      "fileHash": "fcb53656",
      "needsInterop": false
    },
    "@fortawesome/free-solid-svg-icons": {
      "src": "../../../../../node_modules/@fortawesome/free-solid-svg-icons/index.mjs",
      "file": "@fortawesome_free-solid-svg-icons.js",
      "fileHash": "260573bc",
      "needsInterop": false
    },
    "@ng-bootstrap/ng-bootstrap": {
      "src": "../../../../../node_modules/@ng-bootstrap/ng-bootstrap/fesm2022/ng-bootstrap.mjs",
      "file": "@ng-bootstrap_ng-bootstrap.js",
      "fileHash": "b9ef8523",
      "needsInterop": false
    },
    "angularx-qrcode": {
      "src": "../../../../../node_modules/angularx-qrcode/fesm2022/angularx-qrcode.mjs",
      "file": "angularx-qrcode.js",
      "fileHash": "89d7acfa",
      "needsInterop": false
    },
    "flowbite": {
      "src": "../../../../../node_modules/flowbite/lib/esm/index.js",
      "file": "flowbite.js",
      "fileHash": "6b166444",
      "needsInterop": false
    },
    "moment": {
      "src": "../../../../../node_modules/moment/moment.js",
      "file": "moment.js",
      "fileHash": "c005438b",
      "needsInterop": true
    },
    "ngx-pagination": {
      "src": "../../../../../node_modules/ngx-pagination/fesm2020/ngx-pagination.mjs",
      "file": "ngx-pagination.js",
      "fileHash": "5063441f",
      "needsInterop": false
    },
    "primeng/api": {
      "src": "../../../../../node_modules/primeng/fesm2022/primeng-api.mjs",
      "file": "primeng_api.js",
      "fileHash": "5007d911",
      "needsInterop": false
    },
    "primeng/button": {
      "src": "../../../../../node_modules/primeng/fesm2022/primeng-button.mjs",
      "file": "primeng_button.js",
      "fileHash": "7311eeaa",
      "needsInterop": false
    },
    "primeng/card": {
      "src": "../../../../../node_modules/primeng/fesm2022/primeng-card.mjs",
      "file": "primeng_card.js",
      "fileHash": "870e0d00",
      "needsInterop": false
    },
    "primeng/carousel": {
      "src": "../../../../../node_modules/primeng/fesm2022/primeng-carousel.mjs",
      "file": "primeng_carousel.js",
      "fileHash": "8c3582b4",
      "needsInterop": false
    },
    "primeng/confirmdialog": {
      "src": "../../../../../node_modules/primeng/fesm2022/primeng-confirmdialog.mjs",
      "file": "primeng_confirmdialog.js",
      "fileHash": "65aac92f",
      "needsInterop": false
    },
    "primeng/dataview": {
      "src": "../../../../../node_modules/primeng/fesm2022/primeng-dataview.mjs",
      "file": "primeng_dataview.js",
      "fileHash": "5e87336a",
      "needsInterop": false
    },
    "primeng/dialog": {
      "src": "../../../../../node_modules/primeng/fesm2022/primeng-dialog.mjs",
      "file": "primeng_dialog.js",
      "fileHash": "993b2066",
      "needsInterop": false
    },
    "primeng/divider": {
      "src": "../../../../../node_modules/primeng/fesm2022/primeng-divider.mjs",
      "file": "primeng_divider.js",
      "fileHash": "9a0f9d0a",
      "needsInterop": false
    },
    "primeng/fileupload": {
      "src": "../../../../../node_modules/primeng/fesm2022/primeng-fileupload.mjs",
      "file": "primeng_fileupload.js",
      "fileHash": "2c7185d8",
      "needsInterop": false
    },
    "primeng/inputnumber": {
      "src": "../../../../../node_modules/primeng/fesm2022/primeng-inputnumber.mjs",
      "file": "primeng_inputnumber.js",
      "fileHash": "4b3c8332",
      "needsInterop": false
    },
    "primeng/inputtext": {
      "src": "../../../../../node_modules/primeng/fesm2022/primeng-inputtext.mjs",
      "file": "primeng_inputtext.js",
      "fileHash": "da49f0f4",
      "needsInterop": false
    },
    "primeng/inputtextarea": {
      "src": "../../../../../node_modules/primeng/fesm2022/primeng-inputtextarea.mjs",
      "file": "primeng_inputtextarea.js",
      "fileHash": "ac8b8af9",
      "needsInterop": false
    },
    "primeng/multiselect": {
      "src": "../../../../../node_modules/primeng/fesm2022/primeng-multiselect.mjs",
      "file": "primeng_multiselect.js",
      "fileHash": "8e3ce166",
      "needsInterop": false
    },
    "primeng/overlaypanel": {
      "src": "../../../../../node_modules/primeng/fesm2022/primeng-overlaypanel.mjs",
      "file": "primeng_overlaypanel.js",
      "fileHash": "b8772979",
      "needsInterop": false
    },
    "primeng/password": {
      "src": "../../../../../node_modules/primeng/fesm2022/primeng-password.mjs",
      "file": "primeng_password.js",
      "fileHash": "ddc54f35",
      "needsInterop": false
    },
    "primeng/radiobutton": {
      "src": "../../../../../node_modules/primeng/fesm2022/primeng-radiobutton.mjs",
      "file": "primeng_radiobutton.js",
      "fileHash": "0bf90bbc",
      "needsInterop": false
    },
    "primeng/slider": {
      "src": "../../../../../node_modules/primeng/fesm2022/primeng-slider.mjs",
      "file": "primeng_slider.js",
      "fileHash": "9f8b1169",
      "needsInterop": false
    },
    "primeng/table": {
      "src": "../../../../../node_modules/primeng/fesm2022/primeng-table.mjs",
      "file": "primeng_table.js",
      "fileHash": "66d774e2",
      "needsInterop": false
    },
    "primeng/tabview": {
      "src": "../../../../../node_modules/primeng/fesm2022/primeng-tabview.mjs",
      "file": "primeng_tabview.js",
      "fileHash": "76f9c110",
      "needsInterop": false
    },
    "primeng/toast": {
      "src": "../../../../../node_modules/primeng/fesm2022/primeng-toast.mjs",
      "file": "primeng_toast.js",
      "fileHash": "7b3e622a",
      "needsInterop": false
    },
    "primeng/toolbar": {
      "src": "../../../../../node_modules/primeng/fesm2022/primeng-toolbar.mjs",
      "file": "primeng_toolbar.js",
      "fileHash": "3a762f68",
      "needsInterop": false
    },
    "rxjs": {
      "src": "../../../../../node_modules/rxjs/dist/esm5/index.js",
      "file": "rxjs.js",
      "fileHash": "23c57a46",
      "needsInterop": false
    },
    "sockjs-client": {
      "src": "../../../../../node_modules/sockjs-client/lib/entry.js",
      "file": "sockjs-client.js",
      "fileHash": "dea5a8d3",
      "needsInterop": true
    },
    "stompjs": {
      "src": "../../../../../node_modules/stompjs/index.js",
      "file": "stompjs.js",
      "fileHash": "ad108e0e",
      "needsInterop": true
    }
  },
  "chunks": {
    "chunk-WGPMD5VH": {
      "file": "chunk-WGPMD5VH.js"
    },
    "chunk-S4HDGPNG": {
      "file": "chunk-S4HDGPNG.js"
    },
    "chunk-N5VLTYO3": {
      "file": "chunk-N5VLTYO3.js"
    },
    "chunk-LKJXVP6C": {
      "file": "chunk-LKJXVP6C.js"
    },
    "chunk-NMBCKDBO": {
      "file": "chunk-NMBCKDBO.js"
    },
    "chunk-TN23WK6M": {
      "file": "chunk-TN23WK6M.js"
    },
    "chunk-H3E7V55B": {
      "file": "chunk-H3E7V55B.js"
    },
    "chunk-OAO4Y2JK": {
      "file": "chunk-OAO4Y2JK.js"
    },
    "chunk-2EVTK7ZD": {
      "file": "chunk-2EVTK7ZD.js"
    },
    "chunk-6TLEIE6Y": {
      "file": "chunk-6TLEIE6Y.js"
    },
    "chunk-2TICE5PM": {
      "file": "chunk-2TICE5PM.js"
    },
    "chunk-XUOBOL6S": {
      "file": "chunk-XUOBOL6S.js"
    },
    "chunk-IDLSIQ2B": {
      "file": "chunk-IDLSIQ2B.js"
    },
    "chunk-N6Y2GINA": {
      "file": "chunk-N6Y2GINA.js"
    },
    "chunk-EZTW7KX4": {
      "file": "chunk-EZTW7KX4.js"
    },
    "chunk-JT6O4I5J": {
      "file": "chunk-JT6O4I5J.js"
    },
    "chunk-5KXMCARW": {
      "file": "chunk-5KXMCARW.js"
    },
    "chunk-MRLHSI7V": {
      "file": "chunk-MRLHSI7V.js"
    },
    "chunk-3SQF7L7O": {
      "file": "chunk-3SQF7L7O.js"
    },
    "chunk-VEQSBVUE": {
      "file": "chunk-VEQSBVUE.js"
    },
    "chunk-REQDIDRM": {
      "file": "chunk-REQDIDRM.js"
    },
    "chunk-ISL6L5KN": {
      "file": "chunk-ISL6L5KN.js"
    },
    "chunk-RORA6X3B": {
      "file": "chunk-RORA6X3B.js"
    },
    "chunk-4F74E6RB": {
      "file": "chunk-4F74E6RB.js"
    },
    "chunk-U346D2SR": {
      "file": "chunk-U346D2SR.js"
    },
    "chunk-YZEMK44K": {
      "file": "chunk-YZEMK44K.js"
    },
    "chunk-PA7AHZKQ": {
      "file": "chunk-PA7AHZKQ.js"
    },
    "chunk-AFRS2OIU": {
      "file": "chunk-AFRS2OIU.js"
    },
    "chunk-J5XZNU7V": {
      "file": "chunk-J5XZNU7V.js"
    }
  }
}